<?xml version="1.0" encoding="UTF-8" ?>
<dt-example table-type="ajax" order="4">

<css lib="datatables buttons select editor"/>
<js lib="jquery datatables buttons select editor">
<![CDATA[

var editor; // use a global for the submit and return data rendering in the examples

$(document).ready(function() {
	editor = new $.fn.dataTable.Editor( {
		ajax: "../php/staff.php",
		table: "#example",
		fields: [ {
				label: "First name:",
				name: "first_name"
			}, {
				label: "Last name:",
				name: "last_name"
			}, {
				label: "Position:",
				name: "position"
			}, {
				label: "Office:",
				name: "office"
			}, {
				label: "Extension:",
				name: "extn"
			}, {
				label: "Start date:",
				name: "start_date",
				type: "datetime"
			}, {
				label: "Salary:",
				name: "salary"
			}
		],
		formOptions: {
			bubble: {
				title: 'Edit',
				buttons: false
			}
		}
	} );

	$('#example').on( 'click', 'tbody td', function (e) {
		if ( $(this).index() > 0 ) {
			editor.bubble( this );
		}
	} );

	$('#example').DataTable( {
		dom: "Bfrtip",
		ajax: "../php/staff.php",
		columns: [
			{
				data: null,
				defaultContent: '',
				className: 'select-checkbox',
				orderable: false
			},
			{ data: "first_name" },
			{ data: "last_name" },
			{ data: "position" },
			{ data: "office" },
			{ data: "start_date" },
			{ data: "salary", render: $.fn.dataTable.render.number( ',', '.', 0, '$' ) }
		],
		order: [ 1, 'asc' ],
		select: {
			style:    'os',
			selector: 'td:first-child'
		},
		buttons: [
			{ extend: "create", editor: editor },
			{ extend: "edit",   editor: editor },
			{ extend: "remove", editor: editor }
		]
	} );
} );

]]>
</js>

<title lib="Editor">Default control and display options</title>

<info><![CDATA[

The [bubble editing options example](options.html) shows how the `e-type form-options` option can be used to control the display and the behaviour of the displayed form. It can sometimes be useful to set default values for the editing options, which can be done with the `e-init formOptions.bubble` configuration option.

These default options for the bubble editing mode can be modified when calling `e-api bubble()`, just as before, if further control is required after initialisation of the Editor form.

This example shows a title being set for display and the buttons disabled (so submission of the input is performed by pressing the enter key).

]]></info>

<custom-table>
	<table id="example" class="display" cellspacing="0" width="100%">
		<thead>
			<tr>
				<th></th>
				<th>First name</th>
				<th>Last name</th>
				<th>Position</th>
				<th>Office</th>
				<th>Start date</th>
				<th>Salary</th>
			</tr>
		</thead>
	</table>
</custom-table>

</dt-example>

