<?xml version="1.0" encoding="UTF-8"?>
<?xml-stylesheet type="text/xsl" href="RAPI.xsl"?>
<application>
  <doc>About - product information</doc>
  <resources base="">
    <resource path="https://{appliance_hostname}:9443/about/">
      <param type="path" name="appliance_hostname">
        <doc>Host name of the appliance.</doc>
      </param>
      <method name="GET" id="About - product information">
        <doc>     To get the product info about your appliance, build number, build date time, fixpacks installed,  with the RESTful web service, issue an HTTP GET request on about URI. </doc>
        <request>
          <doc>GET https://{appliance_hostname}:9443/about
 </doc>
          <param name="Content-Type:application/json" style="header">
            <doc> Required for requests to the service.</doc>
          </param>
          <param name="Authorization" style="header">
            <doc>Basic Authentication header. </doc>
          </param>
          <param name="Accept:application/json" style="header">
            <doc> Required for requests to the service.</doc>
          </param>
        </request>
        <response status="200">
          <doc>OK</doc>
          <doc>
 200 OK
{
  "upgrade":"advanced",
  "productBuildDate":"1442856678",
  "productversion":"5.2",
  "primaryNode":"true",
  "fixpacksList":"",
  "productbuildno":"20150921-1048",
  "serverName":"isim1175.in.ibm.com",
  "configurationState":"configured",
  "productname":"IBM Security Identity Governance and Intelligence"
}</doc>
        </response>
      </method>
    </resource>
  </resources>
</application>
