<?xml version="1.0" encoding="UTF-8"?>
<?xml-stylesheet type="text/xsl" href="RAPI.xsl"?>
<application>
  <doc>Adding a host name to a host IP address with web service</doc>
  <resources base="">
    <resource path="https://{appliance_hostname}:9443/host_records/{host_address}/hostnames">
      <param type="path" name="appliance_hostname">
        <doc>Host name of the appliance.</doc>
      </param>
      <param type="path" name="host_address">
        <doc>The IP address of the host record.</doc>
      </param>
      <method name="POST" id="Adding a host name to a host IP address with web service">
        <doc> To add a host name to a host IP address with the web service, issue an HTTP POST request on the host records resource URI. </doc>
        <request>
          <doc>POST https://{appliance_hostname}:9443/host_records/{host_address}/hostnames

 POST_DATA:
 {
 "name":"The hostname to add"
 } (GET https://{appliance_hostname}:9443/host_records</doc>
          <param name="Content-Type:application/json" style="header">
            <doc> Required for requests to the service.</doc>
          </param>
          <param name="Authorization" style="header">
            <doc>Basic Authentication header. </doc>
          </param>
          <param name="Accept:application/json" style="header">
            <doc> Required for requests to the service.</doc>
          </param>
          <representation name="hostnames" mediatype="application/json">
            <param style="plain" name="hostname" type="String" optional="No">
              <doc>The host name in the host record. </doc>
            </param>
          </representation>
        </request>
        <response status="200">
          <doc>OK</doc>
          <doc>200 ok

 {"id":"The new hostname"}</doc>
          <param name="ContentType:application/json" style="header">
            <doc> Response is in JSON formatting.</doc>
          </param>
          <representation name="hostname_id" mediatype="application/json">
            <param style="plain" name="id" type="String" optional="No">
              <doc>The newly added host name. </doc>
            </param>
          </representation>
        </response>
      </method>
    </resource>
  </resources>
</application>
