<?xml version="1.0" encoding="UTF-8"?>
<?xml-stylesheet type="text/xsl" href="RAPI.xsl"?>
<application>
  <doc>Change Password and Session Time Out Time</doc>
  <resources base="">
    <resource path="https://{appliance_hostname}:9443/admin_cfg/admin_cfg">
      <param type="path" name="appliance_hostname">
        <doc>Host name of the appliance.</doc>
      </param>
      <method name="PUT" id="Change Password and Session Time Out Time">
        <doc>     To change the password and session time out time for your appliance with the RESTful web service, issue an HTTP UPDATE request on the administration configuration resource URI. </doc>
        <request>
          <doc>PUT https://{appliance_hostname}:9443/admin_cfg
 
 PUT DATA:
 
 {
 	oldPassword: "xxx", 
  newPassword: "xxx", 
  confirmPassword: "xxx", 
  sessionTimeout: "45"
 }</doc>
          <param name="Content-Type:application/json" style="header">
            <doc> Required for requests to the service.</doc>
          </param>
          <param name="Authorization" style="header">
            <doc>Basic Authentication header. </doc>
          </param>
          <param name="Accept:application/json" style="header">
            <doc> Required for requests to the service.</doc>
          </param>
        </request>
        <response status="200">
          <doc>OK</doc>
          <doc>
 200 OK
{
 "sessionTimeout":45
}</doc>
        </response>
      </method>
    </resource>
  </resources>
</application>
