<?xml version="1.0" encoding="UTF-8"?>
<?xml-stylesheet type="text/xsl" href="RAPI.xsl"?>
<application>
  <doc>Clear log file</doc>
  <resources base="">
    <resource path="https://{appliance_hostname}:9443/log_mgmt/clear?{log_file_key}">
      <param type="path" name="appliance_hostname">
        <doc>Host name of the appliance.</doc>
      </param>
      <param type="path" name="log_file_key">
        <doc>The key of the log file to be downloaded.</doc>
      </param>
      <method name="GET" id="Clear log file">
        <doc>     To clear a particular log file in your appliance with the RESTful web service, issue an HTTP GET request on the log resource URI. </doc>
        <request>
          <doc>GET https://{appliance_hostname}:9443/log_mgmt/clear?jmi.msg_log
 </doc>
          <param name="Content-Type:application/json" style="header">
            <doc> Required for requests to the service.</doc>
          </param>
          <param name="Authorization" style="header">
            <doc>Basic Authentication header. </doc>
          </param>
          <param name="Accept:application/json" style="header">
            <doc> Required for requests to the service.</doc>
          </param>
        </request>
        <response status="200">
          <doc>OK</doc>
          <doc>
 200 OK</doc>
        </response>
      </method>
    </resource>
  </resources>
</application>
