<?xml version="1.0" encoding="UTF-8"?>
<?xml-stylesheet type="text/xsl" href="RAPI.xsl"?>
<application>
  <doc>Creating a backup of the active partition</doc>
  <resources base="">
    <resource path="https://{appliance_hostname}:9443/firmware_settings/kickoff_backup">
      <param type="path" name="appliance_hostname">
        <doc>Host name of the appliance.</doc>
      </param>
      <method name="PUT" id="BackupPartition">
        <doc>   To backup the active partition with the RESTful web service, issue an HTTP PUT request on the kickoff_backup URI. </doc>
        <request>
          <doc>
 PUT https://{appliance_hostname}:9443/firmware_settings/kickoff_backup
 
 PUT_DATA: {}
 </doc>
          <param name="Content-Type:application/json" style="header">
            <doc> Required for requests to the service.</doc>
          </param>
          <param name="Authorization" style="header">
            <doc>Basic Authentication header. </doc>
          </param>
          <param name="Accept:application/json" style="header">
            <doc> Required for requests to the service.</doc>
          </param>
        </request>
        <response status="200">
          <doc>OK</doc>
          <doc>
 200 OK
 </doc>
          <param name="Content-Type" style="header">
            <doc>application/json </doc>
          </param>
        </response>
      </method>
    </resource>
  </resources>
</application>
