<?xml version="1.0" encoding="UTF-8"?>
<?xml-stylesheet type="text/xsl" href="RAPI.xsl"?>
<application>
  <doc>Creating a host record (IP address and host name) with web service</doc>
  <resources base="">
    <resource path="https://{appliance_hostname}:9443/host_records">
      <param type="path" name="appliance_hostname">
        <doc>Host name of the appliance.</doc>
      </param>
      <method name="POST" id="Creating a host record (IP address and host name) with web service">
        <doc> To create a host record (IP address and host name) with the web service, issue an HTTP POST request on the host records resource URI. </doc>
        <request>
          <doc>POST https://{appliance_hostname}:9443/host_records

 POST_DATA:
 {
 "addr":"The host IP address to create",
 "hostnames":[
     {"name":"The hostname to associate"},
     {"name":"The hostname to associate"}
 ]
 } (GET https://{appliance_hostname}:9443/host_records</doc>
          <param name="Content-Type:application/json" style="header">
            <doc> Required for requests to the service.</doc>
          </param>
          <param name="Authorization" style="header">
            <doc>Basic Authentication header. </doc>
          </param>
          <param name="Accept:application/json" style="header">
            <doc> Required for requests to the service.</doc>
          </param>
          <representation name="hosts_in" mediatype="application/json">
            <param style="plain" name="addr" type="String" optional="No">
              <doc>The host IP address to create. </doc>
            </param>
            <param style="plain" name="hostname" type="hostnames" optional="No" repeating="true">
              <doc>The host names to associate. </doc>
            </param>
          </representation>
          <representation name="hostnames" mediatype="application/json">
            <param style="plain" name="hostname" type="String" optional="No">
              <doc>The host name in the host record. </doc>
            </param>
          </representation>
        </request>
        <response status="200">
          <doc>OK</doc>
          <doc>
 200 ok

 {"id":"The new host record IP address"}</doc>
          <param name="ContentType:application/json" style="header">
            <doc> Response is in JSON formatting.</doc>
          </param>
          <representation name="ip_address_id" mediatype="application/json">
            <param style="plain" name="id" type="String" optional="No">
              <doc>The IP address in the host records. </doc>
            </param>
          </representation>
        </response>
      </method>
    </resource>
  </resources>
</application>
