<?xml version="1.0" encoding="UTF-8"?>
<?xml-stylesheet type="text/xsl" href="RAPI.xsl"?>
<application>
  <doc>Creating a snapshot</doc>
  <resources base="">
    <resource path="https://{appliance_hostname}:9443/snapshots">
      <param type="path" name="appliance_hostname">
        <doc>Host name of the appliance.</doc>
      </param>
      <method name="POST" id="Create a snapshot">
        <doc>     To create a snapshot with the RESTful web service, issue an HTTP POST request on the Snapshots URI. </doc>
        <request>
          <doc>POST https://{appliance_hostname}:9443/snapshots
 POST_DATA: {
 "comment":"This is a new snapshot"
 }
 </doc>
          <param name="Content-Type:application/json" style="header">
            <doc> Required for requests to the service.</doc>
          </param>
          <param name="Authorization" style="header">
            <doc>Basic Authentication header. </doc>
          </param>
          <param name="Accept:application/json" style="header">
            <doc> Required for requests to the service.</doc>
          </param>
          <representation name="snapshotRequest" mediatype="application/json">
            <param style="plain" name="comment" type="String" optional="No">
              <doc>The comment to be associated with the snapshot. </doc>
            </param>
          </representation>
        </request>
        <response status="200">
          <doc>OK</doc>
          <doc>
 200 OK
 Content-Type:application/json
 {
   "id":"4a5d2334245c3e780dcf9c60e620eaea",
   "message":"The snapshot was added.",
   "result":"success"
 }
 </doc>
        </response>
      </method>
    </resource>
  </resources>
</application>
