<?xml version="1.0" encoding="UTF-8"?>
<?xml-stylesheet type="text/xsl" href="RAPI.xsl"?>
<application>
  <doc>Database unconfiguration</doc>
  <resources base="">
    <resource path="https://{appliance_hostname}:9443/db_object/{uuid}">
      <param type="path" name="uuid">
        <doc>Unique identifier of the database object, which can be retrieved by using the GET request.</doc>
      </param>
      <param type="path" name="appliance_hostname">
        <doc>Host name of the appliance.</doc>
      </param>
      <method name="DELETE" id="Database unconfiguration">
        <doc>     To unconfigure database for your appliance with the RESTful web service, issue an HTTP DELETE request on the database resource URI. </doc>
        <request>
          <doc>DELETE https://{appliance_hostname}:9443/db_object/33903ad2-e3b1-443d-b17d-5e29ec2b5048
 </doc>
          <param name="Content-Type:application/json" style="header">
            <doc> Required for requests to the service.</doc>
          </param>
          <param name="Authorization" style="header">
            <doc>Basic Authentication header. </doc>
          </param>
          <param name="Accept:application/json" style="header">
            <doc> Required for requests to the service.</doc>
          </param>
        </request>
        <response status="200">
          <doc>OK</doc>
          <doc>
 200 OK
 </doc>
        </response>
      </method>
    </resource>
  </resources>
</application>
