<?xml version="1.0" encoding="UTF-8"?>
<?xml-stylesheet type="text/xsl" href="RAPI.xsl"?>
<application>
  <doc>Delete a settings package</doc>
  <resources base="">
    <resource path="https://{appliance_hostname}:9443/export_import/{package name}">
      <param type="path" name="appliance_hostname">
        <doc>Host name of the appliance.</doc>
      </param>
      <param type="path" name="package name">
        <doc>The name of the settings package that is to be deleted. It can be retrieved by using the GET request.</doc>
      </param>
      <method name="DELETE" id="Delete a settings package">
        <doc>     To delete a settings package with the RESTful web service, issue an HTTP DELETE request on the export import resource URI.  </doc>
        <request>
          <doc>DELETE https://{appliance_hostname}:9443/export_import/settings_rivory.in.ibm.com_20150907032013.vasf</doc>
          <param name="Content-Type:application/json" style="header">
            <doc> Required for requests to the service.</doc>
          </param>
          <param name="Accept:application/json" style="header">
            <doc> Required for requests to the service.</doc>
          </param>
          <param name="Authorization" style="header">
            <doc>Basic Authentication header. </doc>
          </param>
        </request>
        <response status="200">
          <doc>OK</doc>
          <doc>
 200 OK</doc>
        </response>
      </method>
    </resource>
  </resources>
</application>
