<?xml version="1.0" encoding="UTF-8"?>
<?xml-stylesheet type="text/xsl" href="RAPI.xsl"?>
<application>
  <doc>Deleting a snapshot</doc>
  <resources base="">
    <resource path="https://{appliance_hostname}:9443/snapshots/{snapshot_id}">
      <param type="path" name="appliance_hostname">
        <doc>Host name of the appliance.</doc>
      </param>
      <param type="path" name="snapshot_id">
        <doc>ID of the relevant snapshot. This is an MD5 hash of the name of the snapshot file.</doc>
      </param>
      <method name="DELETE" id="Delete a snapshot">
        <doc>     To delete a snapshot with the RESTful web service, issue an HTTP DELETE request on the relevant ID of the snapshot. </doc>
        <request>
          <doc>DELETE https://{appliance_hostname}:9443/snapshots/4a5d2334245c3e780dcf9c60e620eaea</doc>
          <param name="Content-Type:application/json" style="header">
            <doc> Required for requests to the service.</doc>
          </param>
          <param name="Authorization" style="header">
            <doc>Basic Authentication header. </doc>
          </param>
          <param name="Accept:application/json" style="header">
            <doc> Required for requests to the service.</doc>
          </param>
        </request>
        <response status="204">
          <doc>NO CONTENT</doc>
          <doc>
 204 NO CONTENT
 </doc>
        </response>
      </method>
    </resource>
  </resources>
</application>
