<?xml version="1.0" encoding="UTF-8"?>
<?xml-stylesheet type="text/xsl" href="RAPI.xsl"?>
<application>
  <doc>Deleting one or more snapshots</doc>
  <resources base="">
    <resource path="https://{appliance_hostname}:9443/snapshots/multi_destroy?record_ids={snapshot_id_1,snapshot_id_2,...}">
      <param type="path" name="appliance_hostname">
        <doc>Host name of the appliance.</doc>
      </param>
      <param type="query" name="record_ids">
        <doc>A comma delimited list of the IDs of the snapshots to be deleted.</doc>
      </param>
      <method name="DELETE" id="Delete one or more snapshots">
        <doc>     To delete one or more snapshots with the RESTful web service, issue an HTTP DELETE request and include the multi_destroy parameter on the Snapshots URI.  </doc>
        <request>
          <doc>DELETE https://{appliance_hostname}:9443/snapshots/multi_destroy?record_ids=4a5d2334245c3e780dcf9c60e620eaea,d057ae5cd5aa96580a4e7e2065fbe7bf</doc>
          <param name="Content-Type:application/json" style="header">
            <doc> Required for requests to the service.</doc>
          </param>
          <param name="Authorization" style="header">
            <doc>Basic Authentication header. </doc>
          </param>
          <param name="Accept:application/json" style="header">
            <doc> Required for requests to the service.</doc>
          </param>
        </request>
        <response status="204">
          <doc>NO CONTENT</doc>
          <doc>
 204 NO CONTENT
 </doc>
        </response>
      </method>
    </resource>
  </resources>
</application>
