<?xml version="1.0" encoding="UTF-8"?>
<?xml-stylesheet type="text/xsl" href="RAPI.xsl"?>
<application>
  <doc>Download settings package</doc>
  <resources base="">
    <resource path="https://{appliance_hostname}:9443/export_import/">
      <param type="path" name="appliance_hostname">
        <doc>Host name of the appliance.</doc>
      </param>
      <param type="query" name="download_settingsfile">
        <doc>Specifies the settings package to download.</doc>
      </param>
      <method name="GET" id="Download settings package">
        <doc>     To download the specified settings package with the RESTful web service, issue an HTTP GET request on the export import resource URI.  </doc>
        <request>
          <doc>GET https://{appliance_hostname}:9443/export_import/download_settingsfile?settings_rivory.in.ibm.com_20150907032013.vasf</doc>
          <param name="Content-Type:application/json" style="header">
            <doc> Required for requests to the service.</doc>
          </param>
          <param name="Authorization" style="header">
            <doc>Basic Authentication header. </doc>
          </param>
        </request>
        <response status="200">
          <doc>OK</doc>
          <doc>
 200 OK</doc>
        </response>
      </method>
    </resource>
  </resources>
</application>
