<?xml version="1.0" encoding="UTF-8"?>
<?xml-stylesheet type="text/xsl" href="RAPI.xsl"?>
<application>
  <doc>Download core dump</doc>
  <resources base="">
    <resource path="https://{appliance_hostname}:9443/dmp_mgmt/zip?{core_dump_file}">
      <param type="path" name="appliance_hostname">
        <doc>Host name of the appliance.</doc>
      </param>
      <param type="path" name="core_dump_file_name">
        <doc>The name of the file to be downloaded.</doc>
      </param>
      <method name="GET" id="Download core dump">
        <doc>     To download a core dump file from your appliance with the RESTful web service, issue an HTTP GET request on the core dumps resource URI. </doc>
        <request>
          <doc>GET https://{appliance_hostname}:9443/dmp_mgmt/zip?{core_dump_file_name}
 </doc>
          <param name="Content-Type:application/json" style="header">
            <doc> Required for requests to the service.</doc>
          </param>
          <param name="Authorization" style="header">
            <doc>Basic Authentication header. </doc>
          </param>
          <param name="Accept:application/json" style="header">
            <doc> Required for requests to the service.</doc>
          </param>
        </request>
        <response status="200">
          <doc>OK</doc>
          <doc>
 200 OK</doc>
        </response>
      </method>
    </resource>
  </resources>
</application>
