<?xml version="1.0" encoding="UTF-8"?>
<?xml-stylesheet type="text/xsl" href="RAPI.xsl"?>
<application>
  <doc>Download Custom File</doc>
  <resources base="">
    <resource path="https://{appliance_hostname}:9443/custfile_mgmt/download?{file path}">
      <param type="path" name="appliance_hostname">
        <doc>Host name of the appliance.</doc>
      </param>
      <param type="path" name="file path">
        <doc>The path of the file to be downloaded.</doc>
      </param>
      <method name="GET" id="Download Custom File">
        <doc>     To download a custom file exposed for your appliance with the RESTful web service, issue an HTTP GET request on the custom file resource URI. </doc>
        <request>
          <doc>GET https://{appliance_hostname}:9443/custfile_mgmt/download?{file path}
 </doc>
          <param name="Accept:text/html" style="header">
            <doc> Required for requests to the service.</doc>
          </param>
          <param name="Authorization" style="header">
            <doc>Basic Authentication header. </doc>
          </param>
        </request>
        <response status="200">
          <doc>OK</doc>
          <doc>
 200 OK</doc>
          <param name="ContentType:application/octet-stream; charset=UTF-8" style="header">
            <doc> Response has the file.</doc>
          </param>
        </response>
      </method>
    </resource>
  </resources>
</application>
