<?xml version="1.0" encoding="UTF-8"?>
<?xml-stylesheet type="text/xsl" href="RAPI.xsl"?>
<application>
  <doc>Downloading one or more snapshots</doc>
  <resources base="">
    <resource path="https://{appliance_hostname}:9443/snapshots/download?record_ids={snapshot_id_1,snapshot_id_2,...}">
      <param type="path" name="appliance_hostname">
        <doc>Host name of the appliance.</doc>
      </param>
      <param type="query" name="record_ids">
        <doc>A comma delimited list of the IDs of the snapshots to be downloaded.</doc>
      </param>
      <method name="GET" id="Download one or more snapshots">
        <doc>     To download one or more snapshots with the RESTful web service, issue an HTTP GET request and include the download parameter on the Snapshots URI.  </doc>
        <request>
          <doc>GET https://{appliance_hostname}:9443/snapshots/download?record_ids=4a5d2334245c3e780dcf9c60e620eaea,d057ae5cd5aa96580a4e7e2065fbe7bf</doc>
          <param name="Accept:text/html" style="header">
            <doc> Required for requests to the service.</doc>
          </param>
          <param name="Authorization" style="header">
            <doc>Basic Authentication header. </doc>
          </param>
        </request>
        <response status="200">
          <doc>OK</doc>
          <doc>
 200 OK
 The snapshot file or zip file containing several snapshots
 </doc>
        </response>
      </method>
    </resource>
  </resources>
</application>
