<?xml version="1.0" encoding="UTF-8"?>
<?xml-stylesheet type="text/xsl" href="RAPI.xsl"?>
<application>
  <doc>Editing a snapshot</doc>
  <resources base="">
    <resource path="https://{appliance_hostname}:9443/snapshots/{snapshot_id}">
      <param type="path" name="appliance_hostname">
        <doc>Host name of the appliance.</doc>
      </param>
      <param type="path" name="snapshot_id">
        <doc>ID of the relevant snapshot. This is an MD5 hash of the name of the snapshot file.</doc>
      </param>
      <method name="PUT" id="Edit a snapshot">
        <doc>     To edit a snapshot's comment with the RESTful web service, issue an HTTP PUT request on the relevant ID of the snapshot. </doc>
        <request>
          <doc>
 PUT https://{appliance_hostname}:9443/snapshots/950e094e8ac2ab548fe77e87eecacd46
 PUT_DATA: {
 "comment":"this is a new comment for the snapshot",
 "filename":"igi_5.2_20151015-071001.735937_rivory.in.ibm.com.snapshot",
 "id":"950e094e8ac2ab548fe77e87eecacd46",
 "index":"0"
 }
 </doc>
          <param name="Content-Type:application/json" style="header">
            <doc> Required for requests to the service.</doc>
          </param>
          <param name="Authorization" style="header">
            <doc>Basic Authentication header. </doc>
          </param>
          <param name="Accept:application/json" style="header">
            <doc> Required for requests to the service.</doc>
          </param>
          <representation name="editSnapshotRequest" mediatype="application/json">
            <param style="plain" name="index" type="Integer" optional="No">
              <doc>The index of the snapshot in the array of snapshots. Note that this array is zero based. </doc>
            </param>
            <param style="plain" name="id" type="String" optional="No">
              <doc>An MD5 hash of the name of the snapshot file. This must match the ID given in the URI. </doc>
            </param>
            <param style="plain" name="filename" type="String" optional="No">
              <doc>The name of the snapshot file. </doc>
            </param>
            <param style="plain" name="comment" type="String" optional="No">
              <doc>The new comment to be associated with the snapshot </doc>
            </param>
          </representation>
        </request>
        <response status="204">
          <doc>NO CONTENT</doc>
          <doc>
 204 NO CONTENT
 </doc>
        </response>
      </method>
    </resource>
  </resources>
</application>
