<?xml version="1.0" encoding="UTF-8"?>
<?xml-stylesheet type="text/xsl" href="RAPI.xsl"?>
<application>
  <doc>Export certificate</doc>
  <resources base="">
    <resource path="https://{appliance_hostname}:9443/certstore_object/{certStoreId}/certificates/export/{certLabel}">
      <param type="path" name="appliance_hostname">
        <doc>Host name of the appliance.</doc>
      </param>
      <param type="path" name="certStoreId">
        <doc>Represents the name of the certificate store. Valid values are 'key' and 'trust'.</doc>
      </param>
      <param type="path" name="certLabel">
        <doc>Represents unique label for a certificate.</doc>
      </param>
      <method name="GET" id="Export certificate">
        <doc>     To download a specific certificate from the appliance with RESTful web service. issue a GET HTTP request on the certificate resource URI.  </doc>
        <request>
          <doc>GET https://{appliance_hostname}:9443/certstore_object/key/certificates/export/cert1</doc>
          <param name="Authorization" style="header">
            <doc>Basic Authentication header. </doc>
          </param>
        </request>
        <response status="200">
          <doc>OK.</doc>
          <doc>
 
 -----BEGIN CERTIFICATE-----
MIIBpTCCAQ6gAwIBAgIEVdV4bTANBgkqhkiG9w0BAQUFADAXMRUwEwYDVQQDEwxvYzAyODgzODEz
NzMwHhcNMTUwODIwMDY0OTE3WhcNMTYwODE5MDY0OTE3WjAXMRUwEwYDVQQDEwxvYzAyODgzODEz
NzMwgZ8wDQYJKoZIhvcNAQEBBQADgY0AMIGJAoGBAMGfboraWdbrMZHTa8ur5C2YV1Ph2m3XCREr
yszWgan37lqDeUC45AWZ5eUfBy9tTwsG5PFXMCwNnN5S09x9jwpw2x5U9Gn+mQhVXlsDNC/Z9UKK
K2GWiW0f0WoCIDFWnrABZ03n09w2xQaFhe4/aVfpNNe3PczUKzDvyodJ1P+XAgMBAAEwDQYJKoZI
hvcNAQEFBQADgYEAhszjhxzm9p65LUsyd4PyXWuU2KFcmE9XDDxPErNx9uZrzgH70veGPr3gxPU2
aaO6tgPkcHAcdbgzuBQ0SJSpPe8veZWXwUsQeXtUHHaXQQnksF9qaZ4BaQTc7+JfXxJ4m3+7dTgb
lA8thGej01nQbF0V/dz7zGdJrahmrv/VNN8=
-----END CERTIFICATE-----

</doc>
        </response>
      </method>
    </resource>
  </resources>
</application>
