<?xml version="1.0" encoding="UTF-8"?>
<?xml-stylesheet type="text/xsl" href="RAPI.xsl"?>
<application>
  <doc>Get the details of settings package</doc>
  <resources base="">
    <resource path="https://{appliance_hostname}:9443/export_import/list">
      <param type="path" name="appliance_hostname">
        <doc>Host name of the appliance.</doc>
      </param>
      <method name="GET" id="Get export import settings">
        <doc>     To get details of settings package with the RESTful web service, issue an HTTP GET request on the export import resource URI.  </doc>
        <request>
          <doc>GET https://{appliance_hostname}:9443/export_import/list</doc>
          <param name="Content-Type:application/json" style="header">
            <doc> Required for requests to the service.</doc>
          </param>
          <param name="Accept:application/json" style="header">
            <doc> Required for requests to the service.</doc>
          </param>
          <param name="Authorization" style="header">
            <doc>Basic Authentication header. </doc>
          </param>
        </request>
        <response status="200">
          <doc>OK</doc>
          <doc>
 200 OK
 {
     [
         {
                 "creation_date": "1441610414233",
                 "name": "settings_rivory.in.ibm.com_20150907032013.vasf",
                 "comment": "Settings of a completely configured machine."
         },
         {
                 "creation_date": "1441370226648",
                 "name": "settings_rivory.in.ibm.com_20150904083706.vasf",
                 "comment": ""
         }
     ]
 }</doc>
        </response>
      </method>
    </resource>
  </resources>
</application>
