<?xml version="1.0" encoding="UTF-8"?>
<?xml-stylesheet type="text/xsl" href="RAPI.xsl"?>
<application>
  <doc>Get details of directory server configuration</doc>
  <resources base="">
    <resource path="https://{appliance_hostname}:9443/ldap_object">
      <param type="path" name="appliance_hostname">
        <doc>Host name of the appliance.</doc>
      </param>
      <method name="GET" id="Get directory server configuration">
        <doc>     To get details of the directory server configuration on your appliance with the RESTful web service, issue an HTTP GET   			           request on the directory server resource URI.  </doc>
        <request>
          <doc>GET https://{appliance_hostname}:9443/ldap_object</doc>
          <param name="Content-Type:application/json" style="header">
            <doc> Required for requests to the service.</doc>
          </param>
          <param name="Accept:application/json" style="header">
            <doc> Required for requests to the service.</doc>
          </param>
          <param name="Authorization" style="header">
            <doc>Basic Authentication header. </doc>
          </param>
        </request>
        <response status="200">
          <doc>OK</doc>
          <doc>
 200 ok
 {
     [
       {"hostName":"ldapmachine.in.ibm.com",
        "port":389,
        "bindDN":"cn=root",
        "bindPwd":"********",
        "orgName":"Organization",
        "shortOrgName":"org",
        "dnLocation":"dc=com",
        "action":"configure",
        "lastmodified":"1439271514936",
        "name":"Identity User Registry",
        "uuid":"48876b93-4078-4cbd-b899-c4278d0d85b1"}
     ]
 }</doc>
        </response>
      </method>
    </resource>
  </resources>
</application>
