<?xml version="1.0" encoding="UTF-8"?>
<?xml-stylesheet type="text/xsl" href="RAPI.xsl"?>
<application>
  <doc>Get status of virtual appliance</doc>
  <resources base="">
    <resource path="https://{appliance_hostname}:9443/status/">
      <param type="path" name="appliance_hostname">
        <doc>Host name of the appliance.</doc>
      </param>
      <method name="GET" id="Get status of virtual appliance">
        <doc>     To check whether the virtual appliance is available to serve business requests with the RESTful web service, issue an HTTP GET command on the virtual appliance server.  </doc>
        <request>
          <doc>GET https://{appliance_hostname}:9443/status</doc>
          <param name="Content-Type:application/json" style="header">
            <doc> Required for requests to the service.</doc>
          </param>
          <param name="Accept:application/json" style="header">
            <doc> Required for requests to the service.</doc>
          </param>
          <param name="Authorization" style="header">
            <doc>Basic Authentication header. </doc>
          </param>
        </request>
        <response status="200">
          <doc>OK</doc>
          <doc>
 200 ok
 {
     {
         "serverStatus": "Available",
         "directoryStatus": "Available",
         "datastoreStatus": "Available"
     }
 }</doc>
        </response>
      </method>
    </resource>
  </resources>
</application>
