<?xml version="1.0" encoding="UTF-8"?>
<?xml-stylesheet type="text/xsl" href="RAPI.xsl"?>
<application>
  <doc>Get certificates</doc>
  <resources base="">
    <resource path="https://{appliance_hostname}:9443/certstore_object/{certStoreId}/certificates">
      <param type="path" name="appliance_hostname">
        <doc>Host name of the appliance.</doc>
      </param>
      <param type="path" name="certStoreId">
        <doc>Represents the name of the certificate store. Valid values are 'key' and 'trust'.</doc>
      </param>
      <param type="query" name="type">
        <doc>Represents the type of the certificate. Valid values are 'personal' and 'signer'. If not specified, the API returns both personal and signer certificates.</doc>
      </param>
      <method name="GET" id="Get certificates">
        <doc>     To retrieve a list of all the certificates in the keystore of your appliance through RESTful web service, issue an HTTP GET request on the certificate resource URI. </doc>
        <request>
          <doc>GET https://{appliance_hostname}:9443/certstore_object/key/certificates?type=personal</doc>
          <param name="Accept:application/json" style="header">
            <doc> Required for requests to the service.</doc>
          </param>
          <param name="Authorization" style="header">
            <doc>Basic Authentication header. </doc>
          </param>
        </request>
        <response status="200">
          <doc>OK</doc>
          <doc>
 [
	{
		"label": "default",
		"keySize": "2048",
		"version": "3",
		"issuer": "CN=IGIVA, OU=Root Certificate, O=IBM, C=IN",
		"subject": "CN=localhost, OU=igiCell, OU=igiNode, O=IBM, C=US",
		"notBefore": "Aug 30 19:14:15 2015 GMT",
		"notAfter": "Aug 29 19:14:15 2016 GMT",
		"isDefault": false,
		"isPersonal": true,
		"index": "0",
		"id": "default"
	}
 ]
 }

</doc>
        </response>
      </method>
    </resource>
  </resources>
</application>
