<?xml version="1.0" encoding="UTF-8"?>
<?xml-stylesheet type="text/xsl" href="RAPI.xsl"?>
<application>
  <doc>Mail configuration</doc>
  <resources base="">
    <resource path="https://{appliance_hostname}:9443/mail_object/">
      <param type="path" name="appliance_hostname">
        <doc>Host name of the appliance.</doc>
      </param>
      <method name="POST" id="Mail configuration">
        <doc>     To configure the mail server for your appliance with the RESTful web service, issue an HTTP POST request on the mail server resource URI. </doc>
        <request>
          <doc>POST https://{appliance_hostname}:9443/mail_object
 
 POST_DATA: 
 {
  "mailServer":"mailserver.in.ibm.com",
  "port":25,
  "mailFrom":"admin@in.ibm.com"
 }</doc>
          <param name="Content-Type:application/json" style="header">
            <doc> Required for requests to the service.</doc>
          </param>
          <param name="Authorization" style="header">
            <doc>Basic Authentication header. </doc>
          </param>
          <param name="Accept:application/json" style="header">
            <doc> Required for requests to the service.</doc>
          </param>
        </request>
        <response status="201">
          <doc>Created.</doc>
          <doc>
 201 Created
 [
  {
   "mailServer":"mailserver.in.ibm.com",
   "port":25,
   "mailFrom":"admin@in.ibm.com",
   "name":"Mail Configuration",
   "uuid":"33903ad2-e3b1-443d-b17d-5e29ec2b5048"
  }
 ]
</doc>
        </response>
      </method>
    </resource>
  </resources>
</application>
