<?xml version="1.0" encoding="UTF-8"?>
<?xml-stylesheet type="text/xsl" href="RAPI.xsl"?>
<application>
  <doc>Removing a host name from a host IP address with web service</doc>
  <resources base="">
    <resource path="https://{appliance_hostname}:9443/host_records/{host_address}/hostnames/{hostname}">
      <param type="path" name="appliance_hostname">
        <doc>Host name of the appliance.</doc>
      </param>
      <param type="path" name="host_address">
        <doc>The IP address of the host record.</doc>
      </param>
      <param type="path" name="hostname">
        <doc>The hostname of the host record.</doc>
      </param>
      <method name="DELETE" id="Removing a host name from a host IP address with web service">
        <doc> To remove a host name from a host IP address with the web service, issue an HTTP DELETE request on the host records resource URI. </doc>
        <request>
          <doc>DELETE https://{appliance_hostname}:9443/host_records/{host_address}/hostnames/{hostname}</doc>
          <param name="Content-Type:application/json" style="header">
            <doc> Required for requests to the service</doc>
          </param>
          <param name="Authorization" style="header">
            <doc>Basic Authentication header. </doc>
          </param>
          <param name="Accept:application/json" style="header">
            <doc> Required for requests to the service.</doc>
          </param>
        </request>
        <response status="200">
          <doc>OK</doc>
          <doc>
 200 OK
 </doc>
        </response>
      </method>
    </resource>
  </resources>
</application>
