<?xml version="1.0" encoding="UTF-8"?>
<?xml-stylesheet type="text/xsl" href="RAPI.xsl"?>
<application>
  <doc>Retrieving the list of application interfaces</doc>
  <resources base="">
    <resource path="https://{appliance_hostname}:9443/application_interfaces/">
      <param type="path" name="appliance_hostname">
        <doc>Host name of the appliance.</doc>
      </param>
      <method name="GET" id="Retrieving the list of application interfaces">
        <doc> To retrieve the list of application interfaces, issue an HTTP GET request on the application interfaces resource URI. </doc>
        <request>
          <doc>GET https://{appliance_hostname}:9443/application_interfaces</doc>
          <param name="Content-Type:application/json" style="header">
            <doc> Required for requests to the service.</doc>
          </param>
          <param name="Authorization" style="header">
            <doc>Basic Authentication header. </doc>
          </param>
          <param name="Accept:application/json" style="header">
            <doc> Required for requests to the service.</doc>
          </param>
        </request>
        <response status="200">
          <doc>OK</doc>
          <doc>200 OK

 [
 {
 "id":"P.1",
 "state":"up"
 },
 {
 "id":"P.2",
 "state":"up"
 },
 {
 "id":"P.3",
 "state":"up"
 },
 {
 "id":"P.4",
 "state":"up"
 },
 ]</doc>
          <param name="ContentType:application/json" style="header">
            <doc> </doc>
          </param>
          <representation name="applicationInterfaceList" mediatype="application/json">
            <param style="plain" name="id" type="String" optional="No">
              <doc>Valid values are P.1, P.2, P.3, and P.4. </doc>
            </param>
            <param style="plain" name="state" type="String" optional="No">
              <doc>State of the application interface. Valid values are "up", "down", and "disabled". </doc>
            </param>
          </representation>
        </response>
      </method>
    </resource>
  </resources>
</application>
