<?xml version="1.0" encoding="UTF-8"?>
<?xml-stylesheet type="text/xsl" href="RAPI.xsl"?>
<application>
  <doc>Retrieve fix packs list</doc>
  <resources base="">
    <resource path="https://{appliance_hostname}:9443/fixpacks/">
      <param type="path" name="appliance_hostname">
        <doc>Host name of the appliance.</doc>
      </param>
      <method name="GET" id="Retrieve fix packs list">
        <doc>   To retrieve the current list of installed fix packs with the RESTful web service, issue an HTTP GET request on the fix packs URI. </doc>
        <request>
          <doc>
 GET https://{appliance_hostname}:9443/fixpacks
 </doc>
          <param name="Content-Type:application/json" style="header">
            <doc> Required for requests to the service.</doc>
          </param>
          <param name="Authorization" style="header">
            <doc>Basic Authentication header. </doc>
          </param>
          <param name="Accept:application/json" style="header">
            <doc> Required for requests to the service.</doc>
          </param>
        </request>
        <response status="200">
          <doc>OK</doc>
          <doc>
 200 OK
 Content-Type:application/json
 [
 { 
     "id":1,
     "name":"Enable_Root_Shell",
     "action":"Installed",
     "rollback":"Yes",
     "desc":"Enable the root shell",
     "date":"10 Apr 2013 19:26:38"
 },
 { 
     "id":2,
     "name":"Second fix pack",
     "action":"Installed",
     "rollback":"Yes",
     "desc":"Enable the root shell",
     "date":"22 Apr 2013 07:26:38"
 } 
 ]
 </doc>
          <param name="Content-Type:application/json" style="header">
            <doc>Response is in JSON formatting </doc>
          </param>
          <param name="ContentType:application/json" style="header">
            <doc> Response is in JSON formatting.</doc>
          </param>
          <representation name="fixpacksJsonResponse" mediatype="application/json">
            <param style="plain" name="id" type="Integer" optional="No">
              <doc>The id for this fixpack </doc>
            </param>
            <param style="plain" name="name" type="String" optional="No">
              <doc>The name of the fixpack </doc>
            </param>
            <param style="plain" name="Action" type="String" optional="No">
              <doc>Indicates if the fixpack is installed or uninstalled </doc>
            </param>
            <param style="plain" name="rollback" type="String" optional="No">
              <doc>Indicates if rollback is possible, ie "Yes" </doc>
            </param>
            <param style="plain" name="desc" type="String" optional="No">
              <doc>Description of the fixpack </doc>
            </param>
            <param style="plain" name="date" type="String" optional="No">
              <doc>The date the fixpack was installed, ie "10 Apr 2013 19:26:38" </doc>
            </param>
          </representation>
        </response>
      </method>
    </resource>
  </resources>
</application>
