<?xml version="1.0" encoding="UTF-8"?>
<?xml-stylesheet type="text/xsl" href="RAPI.xsl"?>
<application>
  <doc>Retrieving notifications</doc>
  <resources base="">
    <resource path="https://{appliance_hostname}:9443/widgets/notifications/">
      <param type="path" name="appliance_hostname">
        <doc>Host name of the appliance.</doc>
      </param>
      <method name="GET" id="Notifications">
        <doc>     To retrieve any notifications for your appliance with the RESTful web service, issue an HTTP GET request on the notification resource URI.  </doc>
        <request>
          <doc>GET https://{appliance_hostname}:9443/widgets/notifications/
 </doc>
          <param name="Authorization" style="header">
            <doc>Basic Authentication header. </doc>
          </param>
          <param name="Accept:application/json" style="header">
            <doc> Required for requests to the service.</doc>
          </param>
        </request>
        <response status="200">
          <doc>OK</doc>
          <doc>
 200 OK
 {
  "items":
  	    [
           {
            "message":"isig_identity_server_restart_reqd",
            "timestamp":"22/09/2015 10:14:55 [America/New_York]",
            "id":1,
            "messageId":"info"
           },
           {
            "message":"identity_db_unconfigured",
            "timestamp":"22/09/2015 10:14:55 [America/New_York]",
            "id":2,
            "messageId":"error"
           }
          ],			 	   
  "label":"label",
  "identifier":"id"
 }</doc>
        </response>
      </method>
    </resource>
  </resources>
</application>
