<?xml version="1.0" encoding="UTF-8"?>
<?xml-stylesheet type="text/xsl" href="RAPI.xsl"?>
<application>
  <doc>Retrieving the list of address identifiers for an interface</doc>
  <resources base="">
    <resource path="https://{appliance_hostname}:9443/application_interfaces/{interface_id}/addresses">
      <param type="path" name="appliance_hostname">
        <doc>Host name of the appliance.</doc>
      </param>
      <param type="path" name="interface_id">
        <doc>ID of the interface from which the address settings are to be modified. Valid values are P.1, P.2, P.3, and P.4.</doc>
      </param>
      <method name="GET" id="Retrieving the list of address identifiers for an interface">
        <doc> To retrieve the list of address identifiers for an interface with the RESTful web service, issue an HTTP GET request on the application interfaces resource URI. </doc>
        <request>
          <doc>GET https://{appliance_hostname}:9443/application_interfaces/{interface_id}/addresses</doc>
          <param name="Content-Type:application/json" style="header">
            <doc> Required for requests to the service.</doc>
          </param>
          <param name="Authorization" style="header">
            <doc>Basic Authentication header. </doc>
          </param>
          <param name="Accept:application/json" style="header">
            <doc> Required for requests to the service.</doc>
          </param>
        </request>
        <response status="200">
          <doc>OK</doc>
          <doc>200 OK

 [
 "1","2","3","4"
 ]
 The "1","2","3","4" value that is mentioned earlier represents such unique identifiers.</doc>
        </response>
      </method>
    </resource>
  </resources>
</application>
