<?xml version="1.0" encoding="UTF-8"?>
<?xml-stylesheet type="text/xsl" href="RAPI.xsl"?>
<application>
  <doc>Retrieve the licensing information</doc>
  <resources base="">
    <resource path="https://{appliance_hostname}:9443/lum/is_licensed.json/">
      <param type="path" name="appliance_hostname">
        <doc>Host name of the appliance.</doc>
      </param>
      <method name="GET" id="Retrieve the licensing information">
        <doc>     This web service will retrieve current information about the installed licenses. </doc>
        <request>
          <doc>
 GET https://{appliance_hostname}:9443/core/lum/is_licensed.json
 </doc>
          <param name="Content-Type:application/json" style="header">
            <doc> Required for requests to the service.</doc>
          </param>
          <param name="Authorization" style="header">
            <doc>Basic Authentication header. </doc>
          </param>
          <param name="Accept:application/json" style="header">
            <doc> Required for requests to the service.</doc>
          </param>
        </request>
        <response status="200">
          <doc>OK</doc>
          <doc>
 200 ok
 
 {
  "firmware": 
             {
              "is_licensed":true,
              "is_expired":false,
              "exp_date":"2014-02-24",
              "name":"Firmware"
              },
   "ipm":
        {
         "is_licensed":true,
         "is_expired":false,
         "exp_date":"2014-02-24",
         "name":"X-Force Content"
        }
 }</doc>
          <param name="ContentType:application/json" style="header">
            <doc> Response is in JSON formatting.</doc>
          </param>
          <representation name="licenseStateResponse" mediatype="application/json">
            <param style="plain" name="licenseKey" type="individualLicenseState" optional="No">
              <doc>The data of the license represented by licenseKey, e.g. "firmware" </doc>
            </param>
          </representation>
          <representation name="individualLicenseState" mediatype="application/json">
            <param style="plain" name="name" type="String" optional="No">
              <doc>The name of the license. For example, "Firmware". </doc>
            </param>
            <param style="plain" name="is_licensed" type="Boolean" optional="No">
              <doc>A boolean indicating if the license is valid. </doc>
            </param>
            <param style="plain" name="is_expired" type="Boolean" optional="No">
              <doc>A boolean indicating if the license is expired. </doc>
            </param>
            <param style="plain" name="exp_date" type="String" optional="No">
              <doc>The expiry date of the license. </doc>
            </param>
          </representation>
        </response>
      </method>
    </resource>
  </resources>
</application>
