<?xml version="1.0" encoding="UTF-8"?>
<?xml-stylesheet type="text/xsl" href="RAPI.xsl"?>
<application>
  <doc>Retrieve database configuration</doc>
  <resources base="">
    <resource path="https://{appliance_hostname}:9443/db_object/">
      <param type="path" name="appliance_hostname">
        <doc>Host name of the appliance.</doc>
      </param>
      <method name="GET" id="Retrieve database configuration">
        <doc>     To retrieve database configuration for your appliance with the RESTful web service, issue an HTTP GET request on the database resource URI. </doc>
        <request>
          <doc>GET https://{appliance_hostname}:9443/db_object/
 </doc>
          <param name="Content-Type:application/json" style="header">
            <doc> Required for requests to the service.</doc>
          </param>
          <param name="Authorization" style="header">
            <doc>Basic Authentication header. </doc>
          </param>
          <param name="Accept:application/json" style="header">
            <doc> Required for requests to the service.</doc>
          </param>
        </request>
        <response status="200">
          <doc>OK</doc>
          <doc>
 200 OK
 [{
 	"port":50000,
 	 "configuredAs":"IgiDatastore",
 	 "adminName":"ideas",
   	"userPwd":"ideas",
   	"dropTables":false,
   	"lastmodified":1439282887038,
   	"certCheckSum":"0",
   	"dbName":"igidb",
   	"name":"IBM_DB",
   	"adminPwd":"ideas",
   	"hostName":{DB_Hostname},
   	"userName":"ideas",
   	"uuid":"5c777e79-9355-48b9-bc0c-b0004d059cb7",
   	"useSSL": "false",
   	"jdbcUrl":"jdbc:db2://{DB_Hostname}:50000/igidb"
 }]
 </doc>
        </response>
      </method>
    </resource>
  </resources>
</application>
