<?xml version="1.0" encoding="UTF-8"?>
<?xml-stylesheet type="text/xsl" href="RAPI.xsl"?>
<application>
  <doc>Retrieve mail configuration</doc>
  <resources base="">
    <resource path="https://{appliance_hostname}:9443/mail_object/">
      <param type="path" name="appliance_hostname">
        <doc>Host name of the appliance.</doc>
      </param>
      <method name="GET" id="Retrieve mail configuration">
        <doc>     To retrieve the mail server configuration for your appliance with the RESTful web service, issue an HTTP GET request on the mail server resource URI. </doc>
        <request>
          <doc>GET https://{appliance_hostname}:9443/mail_object/
 </doc>
          <param name="Content-Type:application/json" style="header">
            <doc> Required for requests to the service.</doc>
          </param>
          <param name="Authorization" style="header">
            <doc>Basic Authentication header. </doc>
          </param>
          <param name="Accept:application/json" style="header">
            <doc> Required for requests to the service.</doc>
          </param>
        </request>
        <response status="200">
          <doc>OK</doc>
          <doc>
 200 OK
 [{
      "mailServer":"mailserver.in.ibm.com",
      "port":25,
      "mailFrom":"admin@in.ibm.com"
     	"name":"Mail Configuration",
     	"uuid":"33903ad2-e3b1-443d-b17d-5e29ec2b5048"
 }]
 </doc>
        </response>
      </method>
    </resource>
  </resources>
</application>
