<?xml version="1.0" encoding="UTF-8"?>
<?xml-stylesheet type="text/xsl" href="RAPI.xsl"?>
<application>
  <doc>Retrieving the default gateway</doc>
  <resources base="">
    <resource path="https://{appliance_hostname}:9443/iface_mgmt_cfg/default_gateway/{type}/v1">
      <param type="path" name="type">
        <doc>The type of gateway address. Value can be either ipv4 or ipv6.</doc>
      </param>
      <method name="GET" id="Retrieving the default gateway">
        <doc> To retrieve the current value of the default gateway , issue an HTTP GET command on the default gateway resource URI. </doc>
        <request>
          <doc>
 GET https://{appliance_hostname}:9443/core/iface_mgmt_cfg/default_gateway/ipv4/v1
 </doc>
        </request>
      </method>
    </resource>
  </resources>
</application>
