<?xml version="1.0" encoding="UTF-8"?>
<?xml-stylesheet type="text/xsl" href="RAPI.xsl"?>
<application>
  <doc>Retrieve Authenticity token</doc>
  <resources base="">
    <resource path="https://{appliance_hostname}:9443/authenticate/">
      <param type="path" name="appliance_hostname">
        <doc>Host name of the appliance.</doc>
      </param>
      <method name="GET" id="Retrieve Authenticity token">
        <doc>     To retrieve authenticity token to be used in other REST calls, issue an HTTP GET request on the authenticate URI. </doc>
        <request>
          <doc>GET https://{appliance_hostname}:9443/authenticate/
 </doc>
          <param name="Accept: application/json" style="header">
            <doc> Required for requests to the service.</doc>
          </param>
          <param name="Authorization" style="header">
            <doc>Basic Authentication header. </doc>
          </param>
        </request>
        <response status="200">
          <doc>OK</doc>
          <doc>
 200 OK
 {
  authenticity_token: "O0tvrju3DhTm5Koumvx3dMzqtoibI5LJasdxYYtPzn8"
 }</doc>
        </response>
      </method>
    </resource>
  </resources>
</application>
