<?xml version="1.0" encoding="UTF-8"?>
<?xml-stylesheet type="text/xsl" href="RAPI.xsl"?>
<application>
  <doc>Retrieving the current settings for an address</doc>
  <resources base="">
    <resource path="https://{appliance_hostname}:9443/application_interfaces/{interface_id}/addresses/{id}">
      <param type="path" name="appliance_hostname">
        <doc>Host name of the appliance.</doc>
      </param>
      <param type="path" name="interface_id">
        <doc>ID of the interface from which the address settings are to be modified. Valid values are P.1, P.2, P.3, and P.4.</doc>
      </param>
      <param type="path" name="id">
        <doc>The value is always 1.</doc>
      </param>
      <method name="GET" id="Retrieving the current settings for an address">
        <doc> To complete this operation with the RESTful web service, issue an HTTP GET request on the application interface address resource URI. </doc>
        <request>
          <doc>GET https://{appliance_hostname}:9443/application_interfaces/{interface_id}/addresses/{id}</doc>
          <param name="Content-Type:application/json" style="header">
            <doc> Required for requests to the service.</doc>
          </param>
          <param name="Authorization" style="header">
            <doc>Basic Authentication header. </doc>
          </param>
          <param name="Accept:application/json" style="header">
            <doc> Required for requests to the service.</doc>
          </param>
        </request>
        <response status="200">
          <doc>OK</doc>
          <doc>200 OK

 {
 "id":"1",
 "type":"ipv4",
 "netmask":"255.255.254.0",
 "address":"10.66.9.242"
 "ipFqdn":"example.ibm.com"
 }</doc>
          <param name="ContentType:application/json" style="header">
            <doc> </doc>
          </param>
          <representation name="displayApplicationInterface" mediatype="application/json">
            <param style="plain" name="type" type="String" optional="No">
              <doc>Indicates whether the address is an IPv4 address or an IPv6 address. The value is ipv4 or ipv6. </doc>
            </param>
            <param style="plain" name="netmask" type="String" optional="Yes">
              <doc>This field contains the user-specified IPv4 subnet mask. </doc>
            </param>
            <param style="plain" name="prefix" type="String" optional="No">
              <doc>This field contains the user-specified IPv6 prefix. This field is only returned if the address type is ipv6. </doc>
            </param>
            <param style="plain" name="address" type="String" optional="No">
              <doc>This field contains the user-specified IPv4 or IPv6 address. </doc>
            </param>
            <param style="plain" name="ipFqdn" type="String" optional="No">
              <doc>Fully Qualified Domain Name for the interface. </doc>
            </param>
          </representation>
        </response>
      </method>
    </resource>
  </resources>
</application>
