<?xml version="1.0" encoding="UTF-8"?>
<?xml-stylesheet type="text/xsl" href="RAPI.xsl"?>
<application>
  <doc>Retrieve disk usage information</doc>
  <resources base="">
    <resource path="https://{appliance_hostname}:9443/widgets/disk/">
      <param type="path" name="appliance_hostname">
        <doc>Host name of the appliance.</doc>
      </param>
      <method name="GET" id="Disk Usage">
        <doc>     To retrieve the disk usage information for your appliance with the RESTful web service, issue an HTTP GET request on the disk resource URI.  </doc>
        <request>
          <doc>GET https://{appliance_hostname}:9443/widgets/disk
 </doc>
          <param name="Authorization" style="header">
            <doc>Basic Authentication header. </doc>
          </param>
          <param name="Accept:application/json" style="header">
            <doc> Required for requests to the service.</doc>
          </param>
        </request>
        <response status="200">
          <doc>OK</doc>
          <doc>
 200 OK
{
  "free":"15286836",
  "size":"19528812"
}</doc>
        </response>
      </method>
    </resource>
  </resources>
</application>
