<?xml version="1.0" encoding="UTF-8"?>
<?xml-stylesheet type="text/xsl" href="RAPI.xsl"?>
<application>
  <doc>Retrieve all update history records</doc>
  <resources base="">
    <resource path="https://{appliance_hostname}:9443/updates/history/">
      <param type="path" name="appliance_hostname">
        <doc>Host name of the appliance.</doc>
      </param>
      <method name="GET" id="Retrieve all update history records">
        <doc>     To view a record of the updates history, issue an HTTP GET request on the Updates History resource URI </doc>
        <request>
          <doc>
 GET https://{appliance_hostname}:9443/updates/history
 </doc>
          <param name="Content-Type:application/json" style="header">
            <doc> Required for requests to the service.</doc>
          </param>
          <param name="Authorization" style="header">
            <doc>Basic Authentication header. </doc>
          </param>
          <param name="Accept:application/json" style="header">
            <doc> Required for requests to the service.</doc>
          </param>
        </request>
        <response status="200">
          <doc>OK</doc>
          <doc>
 200 ok
 [
   {
     "id": "1",
     "status": "Success",
     "name": "X-Force Content",
     "release_date": "2014-06-12 02:03:05",
     "update_action": "Install",
     "type": null,
     "version": "34.060"
   },
   {
     "id": "2",
     "status": "Success",
     "name": "X-Force Content",
     "release_date": "2014-06-12 02:03:04",
     "update_action": "Download",
     "type": null,
     "version": "34.060"
   }
 ]
 </doc>
          <param name="ContentType:application/json" style="header">
            <doc> Response is in JSON formatting.</doc>
          </param>
          <representation name="UpdatesHistoryGETJsonResponse" mediatype="application/json">
            <doc>Note: Response body is an array.</doc>
            <param style="plain" name="id" type="Integer" optional="No">
              <doc>Unique identifier. </doc>
            </param>
            <param style="plain" name="update_action" type="String" optional="No">
              <doc>The action performed. Possible values are "Download", "Install" "Rollback". </doc>
            </param>
            <param style="plain" name="name" type="String" optional="No">
              <doc>The name of the updated component. </doc>
            </param>
            <param style="plain" name="type" type="String" optional="No">
              <doc>This field is not used. </doc>
            </param>
            <param style="plain" name="release_date" type="String" optional="No">
              <doc>Release date, for example: "2014-06-12 02:03:05" </doc>
            </param>
            <param style="plain" name="version" type="String" optional="No">
              <doc>The version of the component updated. </doc>
            </param>
            <param style="plain" name="status" type="String" optional="No">
              <doc>Did the operation succeed or not? Possible values are "Success", "Failed" </doc>
            </param>
          </representation>
        </response>
      </method>
    </resource>
  </resources>
</application>
