<?xml version="1.0" encoding="UTF-8"?>
<?xml-stylesheet type="text/xsl" href="RAPI.xsl"?>
<application>
  <doc>Unconfigure directory server</doc>
  <resources base="">
    <resource path="https://{appliance_hostname}:9443/ldap_object/{uuid}">
      <param type="path" name="appliance_hostname">
        <doc>Host name of the appliance.</doc>
      </param>
      <param type="path" name="uuid">
        <doc>Unique identifier of the LDAP object. It can be retrieved by using the GET request.</doc>
      </param>
      <method name="DELETE" id="Unconfigure directory server">
        <doc>     To unconfigure the directory server on your appliance with the RESTful web service, issue an HTTP DELETE request on the virtual appliance server.  </doc>
        <request>
          <doc>DELETE https://{appliance_hostname}:9443/ldap_object/48876b93-4078-4cbd-b899-c4278d0d85b1</doc>
          <param name="Content-Type:application/json" style="header">
            <doc> Required for requests to the service.</doc>
          </param>
          <param name="Accept:application/json" style="header">
            <doc> Required for requests to the service.</doc>
          </param>
          <param name="Authorization" style="header">
            <doc>Basic Authentication header. </doc>
          </param>
        </request>
        <response status="200">
          <doc>OK</doc>
          <doc> 
 200 OK
 </doc>
        </response>
      </method>
    </resource>
  </resources>
</application>
