<?xml version="1.0" encoding="UTF-8"?>
<?xml-stylesheet type="text/xsl" href="RAPI.xsl"?>
<application>
  <doc>Update Date and Time</doc>
  <resources base="">
    <resource path="https://{appliance_hostname}:9443/time_cfg/time_cfg">
      <param type="path" name="appliance_hostname">
        <doc>Host name of the appliance.</doc>
      </param>
      <method name="PUT" id="Update Date and Time">
        <doc>     To update date and time of your appliance using RESTful web service, issue and HTTP PUT request on the time configuration URI. </doc>
        <request>
          <doc>PUT https://{appliance_hostname}:9443/time_cfg/
 
 PUT DATA:
 {
 dateTime: "0000-00-00 00:00:00",
 enableNtp: true,
 ntpServers: "9.113.50.137",
 timeZone: "America/New_York",
 }</doc>
          <param name="Content-Type:application/json" style="header">
            <doc> Required for requests to the service.</doc>
          </param>
          <param name="Authorization" style="header">
            <doc>Basic Authentication header. </doc>
          </param>
          <param name="Accept:application/json" style="header">
            <doc> Required for requests to the service.</doc>
          </param>
        </request>
        <response status="200">
          <doc>OK</doc>
          <doc>
 200 OK
{
  "ntpConfig":
              {
               "ntpServers":[
                             {
                              "ntpServer":"9.113.50.137"
                             }
                            ],
               "enableNtp":false,
               "ntpVersion":"three",
               "synchIntervalMinutes":30
              },
 "dateTime":"2015-10-03 15:46:56",
 "timeZone":"America/New_York"
}
 
 @rp_end_api
/
</doc>
        </response>
      </method>
    </resource>
  </resources>
</application>
