<?xml version="1.0" encoding="UTF-8" ?>
<dt-example table-type="ajax" order="3">

<css lib="datatables buttons select autofill editor"/>
<js lib="jquery datatables buttons select autofill editor">
<![CDATA[

var editor; // use a global for the submit and return data rendering in the examples

$(document).ready(function() {
	editor = new $.fn.dataTable.Editor( {
		ajax: "../php/staff.php",
		table: "#example",
		fields: [ {
				label: "First name:",
				name: "first_name"
			}, {
				label: "Last name:",
				name: "last_name"
			}, {
				label: "Position:",
				name: "position"
			}, {
				label: "Office:",
				name: "office"
			}, {
				label: "Extension:",
				name: "extn"
			}, {
				label: "Start date:",
				name: "start_date",
				type: "datetime"
			}, {
				label: "Salary:",
				name: "salary"
			}
		]
	} );

	var table = $('#example').DataTable( {
		dom: "Bfrtip",
		ajax: "../php/staff.php",
		columns: [
			{ data: "first_name" },
			{ data: "last_name" },
			{ data: "position" },
			{ data: "office" },
			{ data: "start_date" },
			{ data: "salary", render: $.fn.dataTable.render.number( ',', '.', 0, '$' ) }
		],
		autoFill: {
			editor:  editor
		},
		select: {
			style:    'os',
			selector: 'td:first-child',
			blurable: true
		},
		buttons: [
			{ extend: "create", editor: editor },
			{ extend: "edit",   editor: editor },
			{ extend: "remove", editor: editor }
		]
	} );
} );

]]>
</js>

<title lib="Editor">Excel like AutoFill feature</title>

<info><![CDATA[

The ability to click and drag to fill cells with data in Excel is exceptionally useful when you wish to update multiple items with similar information. [AutoFill](https://datatables.net/extensions/autofill) provides this ability in DataTables and its `af-init autoFill.editor` option can be used to bind it to your Editor instance.

Editor's multi-row editing ability results in fast and efficient updating of data. AutoFill can also be extended with plug-ins should you wish to provide your own data fill methods.

]]></info>

<custom-table>
	<table id="example" class="display" cellspacing="0" width="100%">
		<thead>
			<tr>
				<th>First name</th>
				<th>Last name</th>
				<th>Position</th>
				<th>Office</th>
				<th width="18%">Start date</th>
				<th>Salary</th>
			</tr>
		</thead>
	</table>
</custom-table>

</dt-example>

