<?xml version="1.0" encoding="UTF-8" ?>
<dt-example table-type="" order="10">

<css lib="jqueryui datatables buttons select editor" />
<js lib="jquery jqueryui datatables buttons select editor">
<![CDATA[

var editor; // use a global for the submit and return data rendering in the examples

$(document).ready(function() {
	editor = new $.fn.dataTable.Editor( {
		ajax: '../php/dates.php',
		table: '#example',
		fields: [ {
				label: 'First name:',
				name:  'first_name'
			}, {
				label: 'Last name:',
				name:  'last_name'
			}, {
				label:      'Updated date:',
				name:       'updated_date',
				type:       'date',
				def:        function () { return new Date(); },
				dateFormat: $.datepicker.ISO_8601
			}, {
				label:      'Registered date:',
				name:       'registered_date',
				type:       'date',
				def:        function () { return new Date(); },
				dateFormat: $.datepicker.ISO_8601
			}
		]
	} );

	$('#example').DataTable( {
		dom: 'Bfrtip',
		ajax: '../php/dates.php',
		columns: [
			{ data: 'first_name' },
			{ data: 'last_name' },
			{ data: 'updated_date' },
			{ data: 'registered_date' }
		],
		select: true,
		buttons: [
			{ extend: 'create', editor: editor },
			{ extend: 'edit',   editor: editor },
			{ extend: 'remove', editor: editor }
		]
	} );
} );

]]>
</js>

<title lib="Editor">jQuery UI DatePicker</title>

<info><![CDATA[

The jQuery UI library [provides a date picker](http://jqueryui.com/datepicker/) component which gives a comprehensive calendar picker - including features that are not available in Editor's built in `e-field datetime` calendar input such as the ability to display multiple months at the same time.

jQuery UI's date picker can be used with Editor through the `e-field date` field type which will automatically determine if the date picker is available on your page or not - if it is, it will be used and if not the [HTML5 date input type](html5.html) will be used.

This example simply shows the jQuery UI date picker being used with ISO8601 formatted dates.

]]></info>

<custom-table>
	<table class="display" id="example" width="100%">
		<thead>
			<tr>
				<th>First name</th>
				<th>Last name</th>
				<th>Updated date</th>
				<th>Registered date</th>
			</tr>
		</thead>
	</table>
</custom-table>

</dt-example>

