<?xml version="1.0" encoding="UTF-8" ?>
<dt-example table-type="" order="7">

<css lib="datatables buttons select editor" />
<js lib="jquery datatables buttons select editor">
<![CDATA[

var editor; // use a global for the submit and return data rendering in the examples

$(document).ready(function() {
	editor = new $.fn.dataTable.Editor( {
		ajax: '../php/dates.php',
		table: '#example',
		fields: [ {
				label: 'First name:',
				name:  'first_name'
			}, {
				label: 'Last name:',
				name:  'last_name'
			}, {
				label: 'Registered date:',
				name:  'registered_date',
				type:  'datetime',
				opts:  {
					showWeekNumber: true
				}
			}
		]
	} );

	$('#example').DataTable( {
		dom: 'Bfrtip',
		ajax: '../php/dates.php',
		columns: [
			{ data: 'first_name' },
			{ data: 'last_name' },
			{ data: 'updated_date' },
			{ data: 'registered_date' }
		],
		select: true,
		buttons: [
			{ extend: 'create', editor: editor },
			{ extend: 'edit',   editor: editor },
			{ extend: 'remove', editor: editor }
		]
	} );
} );

]]>
</js>

<title lib="Editor">Options - week numbers</title>

<info><![CDATA[

It can often be useful to see at a glance what week of the year a week falls into - this option is provided in the `e-field datetime` calendar picker through the `showWeekNumber` option which is specified as part of an `opts` (i.e. _options_) object.

This example shows the week number enabled for the date picker using a simple ISO8601 date format.

]]></info>

<custom-table>
	<table class="display" id="example" width="100%">
		<thead>
			<tr>
				<th>First name</th>
				<th>Last name</th>
				<th>Updated date</th>
				<th>Registered date</th>
			</tr>
		</thead>
	</table>
</custom-table>

</dt-example>

